{
	"info": {
		"_postman_id": "c734a537-ae13-45d6-bd93-c23bfc623fa6",
		"name": "news",
		"schema": "https://schema.getpostman.com/json/collection/v2.1.0/collection.json",
		"_exporter_id": "31109626"
	},
	"item": [
		{
			"name": "unvalidated",
			"request": {
				"method": "GET",
				"header": [],
				"url": {
					"raw": "http://127.0.0.1:8000/unvalidated/",
					"protocol": "http",
					"host": [
						"127",
						"0",
						"0",
						"1"
					],
					"port": "8000",
					"path": [
						"unvalidated",
						""
					]
				}
			},
			"response": []
		},
		{
			"name": "all-news",
			"request": {
				"method": "GET",
				"header": [],
				"url": {
					"raw": "http://127.0.0.1:8000/all_news/",
					"protocol": "http",
					"host": [
						"127",
						"0",
						"0",
						"1"
					],
					"port": "8000",
					"path": [
						"all_news",
						""
					]
				}
			},
			"response": []
		},
		{
			"name": "validate",
			"request": {
				"method": "POST",
				"header": [],
				"body": {
					"mode": "raw",
					"raw": "{\r\n    \"index\": 0,\r\n    \"validation_pred\": \"Fake News\"\r\n}",
					"options": {
						"raw": {
							"language": "json"
						}
					}
				},
				"url": {
					"raw": "http://127.0.0.1:8000/validate/",
					"protocol": "http",
					"host": [
						"127",
						"0",
						"0",
						"1"
					],
					"port": "8000",
					"path": [
						"validate",
						""
					]
				}
			},
			"response": []
		},
		{
			"name": "predict",
			"request": {
				"method": "POST",
				"header": [],
				"body": {
					"mode": "raw",
					"raw": "{\r\n    \"text\": \"middle east u navy sailor held iranian military sign neocon political stunt st century wire say wire predicted new year look ahead new hostage crisis underway today iranian military force report two small riverine u navy boat seized iranian water currently held iran farsi island persian gulf total u navy personnel nine men one woman detained iranian authority navy strayed u navy patrol boat persian gulf image source usni according pentagon initial narrative follows sailor training mission around noon et boat experienced mechanical difficulty drifted iranian claimed water detained iranian coast guard official added story since slightly revised white house spokesman josh earnest follow narrative boat traveling en route kuwait bahrain stopped detained iranian according usni search rescue team harry truman strike group scrambled aid crew stopped short crew taken iranian contact iran received assurance crew vessel returned promptly pentagon spokesman peter cook told ap according persian gulf tv farsi island one iranian island persian gulf bushehr province iran irgc navy base island island area km completely restricted public due top secret governmental activity according nbc news u state department touch tehran official iranian recognize u navy straying course mistake sailor released within hour war inc cnn wolf blitzer wasted time ramping talk military tension israeli financed neocon senator tom cotton neocon stuntalready u medium including cnn fox running talking point could come worse time president obama right tonight state union speech trying prove american people iran country trusted implement historic nuclear deal latest naval controversy also come day implementation phase iran nuclear deal say coincidence might naive said could gop israel aligned member pentagon intelligence establishment helped engineer today bizarre mini crisis order help weaken u iran relation extension obama controversial iranian nuclear deal look likely case evidenced quick appearance israel lobby sponsored pro war u senator tom cotton r placed cnn direct aggressive u military talking point live air story broke today cotton photo left immediately called event hostile blamed iran u boat drifting iranian water blamed crisis president obama claim emboldened iranian aggression cotton go tell giant lie medium handler cnn wolf blitzer even blink much less challenge cotton imaginary statement iranian largely responsible killing american soldier iraq afghanistan cotton went threaten iran saying sailor vessel need immediately released released iran nuclear deal go forward military force table retaliate act aggression cotton proceeded give veiled nuclear threat iran saying military option table would washington top operative go far engineer exacerbate international crisis dispatching boat course knowing full well iran would harm u personnel using incident injure lame duck answer yes done american diplomat citizen held hostage day became known iranian hostage crisis happened take place u presidential election cycle president jimmy carter running reelection challenger ronald reagan r crisis including horrific failed rescue attempt used carter medium according report time reagan campaign operative managed backdoor deal element new iranian regime hold releasing hostage election end reagan took credit victory surprisingly end prearranged cnn segment cotton invoked feckless foreign policy jimmy carter caused iran hostage crisis compared president obama current policy u official cnn could brought short notice chose senator tom cotton hawkish closest aligned israel clearly look like neocon stunt stay tuned update read iran news st century wire iran file\"\r\n}",
					"options": {
						"raw": {
							"language": "json"
						}
					}
				},
				"url": {
					"raw": "http://127.0.0.1:8000/predict/",
					"protocol": "http",
					"host": [
						"127",
						"0",
						"0",
						"1"
					],
					"port": "8000",
					"path": [
						"predict",
						""
					]
				}
			},
			"response": []
		}
	]
}